group,female,male
poverty,0.5072043679903212,0.49279563200967885